{
  "resolution": 512,
  "fov": 40,
  "camera_distance": 2.0,
  "angles_degrees": [
    0,
    30,
    60,
    90,
    120,
    150,
    180,
    210,
    240,
    270,
    300,
    330
  ],
  "yaws": [
    0.0,
    0.5235987755982988,
    1.0471975511965976,
    1.5707963267948966,
    2.0943951023931953,
    2.6179938779914944,
    3.141592653589793,
    3.6651914291880923,
    4.1887902047863905,
    4.71238898038469,
    5.235987755982989,
    5.759586531581287
  ],
  "pitch": [
    0.0,
    0.0,
    0.0,
    0.0,
    0.0,
    0.0,
    0.0,
    0.0,
    0.0,
    0.0,
    0.0,
    0.0
  ],
  "extrinsics": [
    "[[-1.  0.  0. -0.]\n [-0. -0. -1. -0.]\n [ 0. -1.  0.  2.]\n [ 0.  0.  0.  1.]]",
    "[[-0.8660254  0.5        0.        -0.       ]\n [-0.         0.        -1.        -0.       ]\n [-0.5       -0.8660254  0.         2.       ]\n [ 0.         0.         0.         1.       ]]",
    "[[-0.49999997  0.86602545  0.         -0.        ]\n [-0.          0.         -1.         -0.        ]\n [-0.86602545 -0.49999997  0.          2.        ]\n [ 0.          0.          0.          1.        ]]",
    "[[ 4.371139e-08  1.000000e+00 -0.000000e+00 -0.000000e+00]\n [-0.000000e+00  0.000000e+00 -1.000000e+00 -0.000000e+00]\n [-1.000000e+00  4.371139e-08  0.000000e+00  2.000000e+00]\n [ 0.000000e+00  0.000000e+00  0.000000e+00  1.000000e+00]]",
    "[[ 0.50000006  0.8660254  -0.         -0.        ]\n [-0.          0.         -1.         -0.        ]\n [-0.8660254   0.50000006  0.          2.        ]\n [ 0.          0.          0.          1.        ]]",
    "[[ 0.8660254   0.50000006 -0.         -0.        ]\n [-0.          0.         -1.         -0.        ]\n [-0.50000006  0.8660254   0.          2.        ]\n [ 0.          0.          0.          1.        ]]",
    "[[ 1.000000e+00 -8.742278e-08  0.000000e+00 -0.000000e+00]\n [ 0.000000e+00  0.000000e+00 -1.000000e+00 -0.000000e+00]\n [ 8.742278e-08  1.000000e+00  0.000000e+00  2.000000e+00]\n [ 0.000000e+00  0.000000e+00  0.000000e+00  1.000000e+00]]",
    "[[ 0.86602545 -0.49999997  0.         -0.        ]\n [ 0.          0.         -1.         -0.        ]\n [ 0.49999997  0.86602545  0.          2.        ]\n [ 0.          0.          0.          1.        ]]",
    "[[ 0.4999999  -0.86602545  0.         -0.        ]\n [ 0.          0.         -1.         -0.        ]\n [ 0.86602545  0.4999999   0.          2.        ]\n [ 0.          0.          0.          1.        ]]",
    "[[-1.1924881e-08 -1.0000000e+00  0.0000000e+00 -0.0000000e+00]\n [ 0.0000000e+00 -0.0000000e+00 -1.0000000e+00 -0.0000000e+00]\n [ 1.0000000e+00 -1.1924881e-08  0.0000000e+00  2.0000000e+00]\n [ 0.0000000e+00  0.0000000e+00  0.0000000e+00  1.0000000e+00]]",
    "[[-0.4999999  -0.86602545  0.         -0.        ]\n [ 0.         -0.         -1.         -0.        ]\n [ 0.86602545 -0.4999999   0.          2.        ]\n [ 0.          0.          0.          1.        ]]",
    "[[-0.8660253 -0.5000002  0.        -0.       ]\n [ 0.        -0.        -1.        -0.       ]\n [ 0.5000002 -0.8660253  0.         2.       ]\n [ 0.         0.         0.         1.       ]]"
  ],
  "intrinsics": [
    "[[1.3737388 0.        0.5      ]\n [0.        1.3737388 0.5      ]\n [0.        0.        1.       ]]",
    "[[1.3737388 0.        0.5      ]\n [0.        1.3737388 0.5      ]\n [0.        0.        1.       ]]",
    "[[1.3737388 0.        0.5      ]\n [0.        1.3737388 0.5      ]\n [0.        0.        1.       ]]",
    "[[1.3737388 0.        0.5      ]\n [0.        1.3737388 0.5      ]\n [0.        0.        1.       ]]",
    "[[1.3737388 0.        0.5      ]\n [0.        1.3737388 0.5      ]\n [0.        0.        1.       ]]",
    "[[1.3737388 0.        0.5      ]\n [0.        1.3737388 0.5      ]\n [0.        0.        1.       ]]",
    "[[1.3737388 0.        0.5      ]\n [0.        1.3737388 0.5      ]\n [0.        0.        1.       ]]",
    "[[1.3737388 0.        0.5      ]\n [0.        1.3737388 0.5      ]\n [0.        0.        1.       ]]",
    "[[1.3737388 0.        0.5      ]\n [0.        1.3737388 0.5      ]\n [0.        0.        1.       ]]",
    "[[1.3737388 0.        0.5      ]\n [0.        1.3737388 0.5      ]\n [0.        0.        1.       ]]",
    "[[1.3737388 0.        0.5      ]\n [0.        1.3737388 0.5      ]\n [0.        0.        1.       ]]",
    "[[1.3737388 0.        0.5      ]\n [0.        1.3737388 0.5      ]\n [0.        0.        1.       ]]"
  ]
}